[1,["1cAq5vRJJJFbj4dJKjseTN"],["_effectAsset"],[["cc.EffectAsset",["_name","shaders","techniques"],0],["cc.Material",["_name","_props","_states","_defines"],-1]],[[0,0,1,2,4],[1,0,1,2,3,5]],[[[[0,"internal/builtin-graphics",[{"hash":586721616,"name":"internal/builtin-graphics|vs:vert|fs:frag","blocks":[],"samplerTextures":[],"samplers":[],"textures":[],"buffers":[],"images":[],"subpassInputs":[],"attributes":[{"name":"a_position","format":32,"location":0,"defines":[]},{"name":"a_color","format":44,"location":1,"defines":[]},{"name":"a_dist","format":11,"location":2,"defines":[]}],"fragColors":[{"name":"cc_FragColor","typename":"vec4","type":16,"count":1,"stageFlags":16,"location":0,"defines":[]}],"descriptors":[{"rate":0,"blocks":[{"name":"CCLocal","stageFlags":1,"tags":{"builtin":"local"},"members":[{"name":"cc_matWorld","typename":"mat4","type":25,"count":1,"precision":"highp "},{"name":"cc_matWorldIT","typename":"mat4","type":25,"count":1,"precision":"highp "},{"name":"cc_lightingMapUVParam","typename":"vec4","type":16,"count":1,"precision":"highp "},{"name":"cc_localShadowBias","typename":"vec4","type":16,"count":1,"precision":"highp "},{"name":"cc_reflectionProbeData1","typename":"vec4","type":16,"count":1,"precision":"highp "},{"name":"cc_reflectionProbeData2","typename":"vec4","type":16,"count":1,"precision":"highp "},{"name":"cc_reflectionProbeBlendData1","typename":"vec4","type":16,"count":1,"precision":"highp "},{"name":"cc_reflectionProbeBlendData2","typename":"vec4","type":16,"count":1,"precision":"highp "}],"defines":[]}],"samplerTextures":[],"samplers":[],"textures":[],"buffers":[],"images":[],"subpassInputs":[]},{"rate":1,"blocks":[],"samplerTextures":[],"samplers":[],"textures":[],"buffers":[],"images":[],"subpassInputs":[]},{"rate":2,"blocks":[],"samplerTextures":[],"samplers":[],"textures":[],"buffers":[],"images":[],"subpassInputs":[]},{"rate":3,"blocks":[{"name":"CCGlobal","stageFlags":1,"tags":{"builtin":"global"},"members":[{"name":"cc_time","typename":"vec4","type":16,"count":1,"precision":"highp "},{"name":"cc_screenSize","typename":"vec4","type":16,"count":1,"precision":"mediump "},{"name":"cc_nativeSize","typename":"vec4","type":16,"count":1,"precision":"mediump "},{"name":"cc_probeInfo","typename":"vec4","type":16,"count":1,"precision":"mediump "},{"name":"cc_debug_view_mode","typename":"vec4","type":16,"count":1,"precision":"mediump "}],"defines":[]},{"name":"CCCamera","stageFlags":1,"tags":{"builtin":"global"},"members":[{"name":"cc_matView","typename":"mat4","type":25,"count":1,"precision":"highp "},{"name":"cc_matViewInv","typename":"mat4","type":25,"count":1,"precision":"highp "},{"name":"cc_matProj","typename":"mat4","type":25,"count":1,"precision":"highp "},{"name":"cc_matProjInv","typename":"mat4","type":25,"count":1,"precision":"highp "},{"name":"cc_matViewProj","typename":"mat4","type":25,"count":1,"precision":"highp "},{"name":"cc_matViewProjInv","typename":"mat4","type":25,"count":1,"precision":"highp "},{"name":"cc_cameraPos","typename":"vec4","type":16,"count":1,"precision":"highp "},{"name":"cc_surfaceTransform","typename":"vec4","type":16,"count":1,"precision":"mediump "},{"name":"cc_screenScale","typename":"vec4","type":16,"count":1,"precision":"mediump "},{"name":"cc_exposure","typename":"vec4","type":16,"count":1,"precision":"mediump "},{"name":"cc_mainLitDir","typename":"vec4","type":16,"count":1,"precision":"mediump "},{"name":"cc_mainLitColor","typename":"vec4","type":16,"count":1,"precision":"mediump "},{"name":"cc_ambientSky","typename":"vec4","type":16,"count":1,"precision":"mediump "},{"name":"cc_ambientGround","typename":"vec4","type":16,"count":1,"precision":"mediump "},{"name":"cc_fogColor","typename":"vec4","type":16,"count":1,"precision":"mediump "},{"name":"cc_fogBase","typename":"vec4","type":16,"count":1,"precision":"mediump "},{"name":"cc_fogAdd","typename":"vec4","type":16,"count":1,"precision":"mediump "},{"name":"cc_nearFar","typename":"vec4","type":16,"count":1,"precision":"mediump "},{"name":"cc_viewPort","typename":"vec4","type":16,"count":1,"precision":"mediump "}],"defines":[]}],"samplerTextures":[],"samplers":[],"textures":[],"buffers":[],"images":[],"subpassInputs":[]}],"glsl1":{"vert":"\nprecision highp float;\nuniform highp mat4 cc_matViewProj;\nuniform highp mat4 cc_matWorld;\nattribute vec3 a_position;\nattribute vec4 a_color;\nvarying vec4 v_color;\nattribute float a_dist;\nvarying float v_dist;\nvec4 vert () {\n  vec4 pos = vec4(a_position, 1);\n  pos = cc_matViewProj * cc_matWorld * pos;\n  v_color = a_color;\n  v_dist = a_dist;\n  return pos;\n}\nvoid main() { gl_Position = vert(); }","frag":"\n#ifdef GL_OES_standard_derivatives\n#extension GL_OES_standard_derivatives: enable\n#endif\nprecision highp float;\nvarying vec4 v_color;\nvarying float v_dist;\nvec4 frag () {\n  vec4 o = v_color;\n    #ifdef GL_OES_standard_derivatives\n      float aa = fwidth(v_dist);\n    #else\n      float aa = 0.05;\n    #endif\n  float alpha = 1. - smoothstep(-aa, 0., abs(v_dist) - 1.0);\n  o.rgb *= o.a;\n  o *= alpha;\n  return o;\n}\nvoid main() { gl_FragColor = frag(); }"},"builtins":{"globals":{"blocks":[{"name":"CCGlobal","defines":[]},{"name":"CCCamera","defines":[]}],"samplerTextures":[],"buffers":[],"images":[]},"locals":{"blocks":[{"name":"CCLocal","defines":[]}],"samplerTextures":[],"buffers":[],"images":[]},"statistics":{"CC_EFFECT_USED_VERTEX_UNIFORM_VECTORS":56,"CC_EFFECT_USED_FRAGMENT_UNIFORM_VECTORS":0}},"defines":[]}],[{"passes":[{"program":"internal/builtin-graphics|vs:vert|fs:frag","blendState":{"targets":[{"blend":true,"blendSrc":1,"blendDst":4,"blendSrcAlpha":1,"blendDstAlpha":4}]},"rasterizerState":{"cullMode":0},"depthStencilState":{"depthTest":false,"depthWrite":false}}]}]]],0,0,[],[],[]],[[[1,"ui-graphics-material",[{}],[{"rasterizerState":{},"depthStencilState":{},"blendState":{"targets":[{}]}}],[{}]]],0,0,[0],[0],[0]]]]
