[1,["6cw6wmjt9PMJjv9+H/MUbs@6c48a","6cw6wmjt9PMJjv9+H/MUbs@f9941","db/RI7ciVAtJrwY+uOx47/"],["node","_parent","_textureSource","_cameraComponent","game","scene","_spriteFrame","_font"],[["cc.Node",["_name","_layer","_objFlags","_id","_components","_parent","_children","_lpos"],-1,9,1,2,5],["cc.UITransform",["_name","node","_contentSize","__prefab"],2,1,5,4],["cc.Widget",["_alignFlags","_originalHeight","_originalWidth","node","__prefab"],0,1,4],"cc.SpriteFrame",["cc.SceneAsset",["_name"],2],["cc.Node",["_name","_objFlags","_layer","_parent","_components","_lpos"],0,1,2,5],["cc.CompPrefabInfo",["fileId"],2],["cc.Canvas",["_name","node","__prefab","_cameraComponent"],2,1,4,1],["0eec0s4qrZF7onPlYBrD+y+",["node","game","gui","initial"],3,1,1,1,1],["cc.Sprite",["_sizeMode","node","_spriteFrame"],2,1,6],["cc.Label",["_string","_horizontalAlign","_actualFontSize","_fontSize","_lineHeight","_overflow","_isSystemFontUsed","node","_font"],-4,1,6],["cc.Scene",["_name","_children","_prefab","_globals"],2,2,4,4],["cc.PrefabInfo",["root","asset","fileId","instance","targetOverrides","nestedPrefabInstanceRoots"],-3],["cc.SceneGlobals",["ambient","shadows","_skybox","fog","octree","skin","lightProbeInfo","postSettings"],3,4,4,4,4,4,4,4,4],["cc.AmbientInfo",["_skyIllumLDR","_skyColorHDR","_groundAlbedoHDR","_skyColorLDR","_groundAlbedoLDR"],2,5,5,5,5],["cc.ShadowsInfo",["_shadowColor","_size"],3,5,5],["cc.SkyboxInfo",["_useHDR"],2],["cc.FogInfo",["_enabled"],2],["cc.OctreeInfo",[],3],["cc.SkinInfo",[],3],["cc.LightProbeInfo",[],3],["cc.PostSettingsInfo",[],3],["cc.Camera",["_projection","_priority","_orthoHeight","_far","_visibility","node","_color"],-2,1,5],["cc.TTFFont",["_name","_native"],1]],[[1,1,2,1],[6,0,2],[2,0,2,1,3,4],[4,0,2],[0,0,2,1,6,4,7,4],[0,0,1,5,6,4,3],[0,0,2,3,6,4,4],[0,0,1,5,4,3],[0,0,1,5,4,7,3],[0,0,2,5,3],[5,0,1,2,3,4,5,4],[1,0,1,3,2,2],[7,0,1,2,3,2],[2,0,1,3,4,3],[8,0,1,2,3,1],[9,0,1,2,2],[10,0,1,2,3,4,5,6,7,8,8],[11,0,1,2,3,2],[12,0,1,2,3,4,5,7],[13,0,1,2,3,4,5,6,7,1],[14,0,1,2,3,4,2],[15,0,1,1],[16,0,2],[17,0,2],[18,1],[19,1],[20,1],[21,1],[22,0,1,2,3,4,5,6,6],[23,0,1,3]],[[[{"name":"loading_bg","rect":{"x":0,"y":0,"width":1500,"height":3248},"offset":{"x":0,"y":0},"originalSize":{"width":1500,"height":3248},"rotated":false,"capInsets":[0,0,0,0],"vertices":{"rawPosition":[-750,-1624,0,750,-1624,0,-750,1624,0,750,1624,0],"indexes":[0,1,2,2,1,3],"uv":[0,3248,1500,3248,0,0,1500,0],"nuv":[0,0,1,0,0,1,1,1],"minPos":{"x":-750,"y":-1624,"z":0},"maxPos":{"x":750,"y":1624,"z":0}},"packable":true,"pixelsToUnit":100,"pivot":{"x":0.5,"y":0.5},"meshType":0}],[3],0,[0],[2],[0]],[[[3,"main"],[4,"gui",512,33554432,[-5,-6],[[11,"Canvas<UITransform>",-1,[1,"03ZMhNEpRK75Hmdzr8ZGhG"],[5,1500,3247.9999999999995]],[12,"Canvas<Canvas>",-3,[1,"7acBC/yU9N05fc6HGd8fZS"],-2],[13,45,1280,-4,[1,"1chkRDp1xCFqsnwJh1NVq1"]]],[1,750,1623.9999999999998,0]],[5,"initial",33554432,1,[-9,-10],[[0,-7,[5,1500,3247.9999999999995]],[2,45,100,100,-8]]],[6,"root",512,"14hVXuCNlJBZetS8jZbbDK",[-13,1],[[14,-12,-11,1,2]]],[7,"bg",33554432,2,[[0,-14,[5,1500,3247.9999999999995]],[15,0,-15,0],[2,45,1500,3248,-16]]],[8,"title",33554432,2,[[0,-17,[5,925.05,255.86700000000002]],[16,"加载资源中",0,140,140,140,1,false,-18,1]],[1,105.015,-1177.374,0]],[17,"main",[3],[18,null,null,"ba0b085f-f8d5-40b0-9964-2fd25728d707",null,null,null],[19,[20,0.78125,[2,0.2,0.5019607843137255,0.8,0.520833125],[2,0.2784313725490196,0.2784313725490196,0.2784313725490196,1],[2,0.2,0.5019607843137255,0.8,0.78125],[2,0.2784313725490196,0.2784313725490196,0.2784313725490196,1]],[21,[4,2147483648],[0,512,512]],[22,false],[23,true],[24],[25],[26],[27]]],[9,"game",512,3],[10,"UICamera",512,33554432,1,[-19],[1,0,0,1000]],[28,0,1073741824,1623.9999999999998,2000,33554432,8,[4,0]]],0,[0,0,1,0,3,9,0,0,1,0,0,1,0,-1,8,0,-2,2,0,0,2,0,0,2,0,-1,4,0,-2,5,0,4,7,0,0,3,0,-1,7,0,0,4,0,0,4,0,0,4,0,0,5,0,0,5,0,-1,9,0,5,6,1,1,3,3,1,6,19],[0,0],[6,7],[1,2]],[[[29,"HappyZcool-2016","HappyZcool-2016.ttf"],-1],0,0,[],[],[]]]]
