[1,["6cw6wmjt9PMJjv9+H/MUbs@6c48a","6cw6wmjt9PMJjv9+H/MUbs@f9941"],["node","_parent","_textureSource","_cameraComponent","game","scene","_spriteFrame"],[["cc.Node",["_name","_objFlags","_layer","_id","_children","_components","_lpos","_parent"],-1,2,9,5,1],"cc.SpriteFrame",["cc.SceneAsset",["_name"],2],["cc.Node",["_name","_objFlags","_layer","_parent","_components","_lpos"],0,1,2,5],["cc.UITransform",["_name","node","__prefab","_contentSize"],2,1,4,5],["cc.CompPrefabInfo",["fileId"],2],["cc.Canvas",["_name","node","__prefab","_cameraComponent"],2,1,4,1],["cc.Widget",["_alignFlags","_originalHeight","node","__prefab"],1,1,4],["cc.Sprite",["_sizeMode","node","_spriteFrame"],2,1,6],["0eec0s4qrZF7onPlYBrD+y+",["node","game","gui"],3,1,1,1],["cc.Scene",["_name","_children","_prefab","_globals"],2,2,4,4],["cc.PrefabInfo",["root","asset","fileId","instance","targetOverrides","nestedPrefabInstanceRoots"],-3],["cc.SceneGlobals",["ambient","shadows","_skybox","fog","octree","skin","lightProbeInfo","postSettings"],3,4,4,4,4,4,4,4,4],["cc.AmbientInfo",["_skyIllumLDR","_skyColorHDR","_groundAlbedoHDR","_skyColorLDR","_groundAlbedoLDR"],2,5,5,5,5],["cc.ShadowsInfo",["_shadowColor","_size"],3,5,5],["cc.SkyboxInfo",["_useHDR"],2],["cc.FogInfo",["_enabled"],2],["cc.OctreeInfo",[],3],["cc.SkinInfo",[],3],["cc.LightProbeInfo",[],3],["cc.PostSettingsInfo",[],3],["cc.Camera",["_projection","_priority","_orthoHeight","_far","_visibility","node","_color"],-2,1,5]],[[5,0,2],[2,0,2],[0,0,1,2,4,5,6,4],[0,0,1,3,4,5,4],[0,0,1,7,3],[3,0,1,2,3,4,5,4],[4,0,1,2,3,2],[6,0,1,2,3,2],[7,0,1,2,3,3],[8,0,1,2,2],[9,0,1,2,1],[10,0,1,2,3,2],[11,0,1,2,3,4,5,7],[12,0,1,2,3,4,5,6,7,1],[13,0,1,2,3,4,2],[14,0,1,1],[15,0,2],[16,0,2],[17,1],[18,1],[19,1],[20,1],[21,0,1,2,3,4,5,6,6]],[[[{"name":"loading_bg","rect":{"x":0,"y":0,"width":1500,"height":3248},"offset":{"x":0,"y":0},"originalSize":{"width":1500,"height":3248},"rotated":false,"capInsets":[0,0,0,0],"vertices":{"rawPosition":[-750,-1624,0,750,-1624,0,-750,1624,0,750,1624,0],"indexes":[0,1,2,2,1,3],"uv":[0,3248,1500,3248,0,0,1500,0],"nuv":[0,0,1,0,0,1,1,1],"minPos":{"x":-750,"y":-1624,"z":0},"maxPos":{"x":750,"y":1624,"z":0}},"packable":true,"pixelsToUnit":100,"pivot":{"x":0.5,"y":0.5},"meshType":0}],[1],0,[0],[2],[0]],[[[1,"main"],[2,"gui",512,33554432,[-6],[[6,"Canvas<UITransform>",-1,[0,"03ZMhNEpRK75Hmdzr8ZGhG"],[5,1500,3248]],[7,"Canvas<Canvas>",-3,[0,"7acBC/yU9N05fc6HGd8fZS"],-2],[8,45,1280,-4,[0,"1chkRDp1xCFqsnwJh1NVq1"]],[9,0,-5,0]],[1,750,1624,0]],[3,"root",512,"14hVXuCNlJBZetS8jZbbDK",[-9,1],[[10,-8,-7,1]]],[11,"main",[2],[12,null,null,"ba0b085f-f8d5-40b0-9964-2fd25728d707",null,null,null],[13,[14,0.78125,[2,0.2,0.5019607843137255,0.8,0.520833125],[2,0.2784313725490196,0.2784313725490196,0.2784313725490196,1],[2,0.2,0.5019607843137255,0.8,0.78125],[2,0.2784313725490196,0.2784313725490196,0.2784313725490196,1]],[15,[4,2147483648],[0,512,512]],[16,false],[17,true],[18],[19],[20],[21]]],[4,"game",512,2],[5,"UICamera",512,33554432,1,[-10],[1,0,0,1000]],[22,0,1073741824,1623.9999999999998,2000,33554432,5,[4,0]]],0,[0,0,1,0,3,6,0,0,1,0,0,1,0,0,1,0,-1,5,0,4,4,0,0,2,0,-1,4,0,-1,6,0,5,3,1,1,2,2,1,3,10],[0],[6],[1]]]]
